<?xml version="1.0" encoding="UTF-8"?>
<project-private xmlns="http://www.netbeans.org/ns/project-private/1">
    <editor-bookmarks xmlns="http://www.netbeans.org/ns/editor-bookmarks/2" lastBookmarkId="0"/>
    <open-files xmlns="http://www.netbeans.org/ns/projectui-open-files/2">
        <group>
            <file>file:/D:/Final/NetBean/CampusNexus/src/StudentNexus/J01_MainPage.java</file>
            <file>file:/D:/Final/NetBean/CampusNexus/src/StudentNexus/MyConnection.java</file>
        </group>
    </open-files>
</project-private>
